{"oNHBzDf36pjHwzQ3ywZYTw==":"photo1693821742-1280x853.jpg","8smlEyzCopB1j5aeguT7zQ==":"89ebba02eb5e972d99527979dbc9407f-1170x780.jpg","Wy/+C4wdQ6ECqp6TYiWdeA==":"parbf5sadbgknbp11ypzpiknmlixcpuwp4p8fjax-1280x853.jpeg","tLgLVpGTi17quM5ec5nwhA==":"28995425_0_0_2727_2048_1920x0_80_0_0_a82f334f49696593112f03d4f34a8f89-816x612.jpg","MhhqThqbSgyWgIB0EjGtfg==":"920__95-1460777010-816x544.jpg","CojfN06j6715o2fvXnzEWw==":"photo1693821742-816x544.jpg","CF1LQjjUPB+I2d6+wbyz+A==":"69477714c3216a420b4f6054dde98991-1280x853.jpg","xOzWFw4+XPjQKbFkr3xxaw==":"photo_2023-11-23_10-10-31-1139x637.jpg","xb3ZyOQHFgT23EjHQzG1Tw==":"online_olimpiada_2022_3-600-600x400.jpg","xKS/SIe0BY0E6aHYUFl3Jw==":"621c7f1938ac2834946501-1139x763.jpg","KGAEhGmlvfga/U5qByHNzw==":"mbr-1920x1298.png","uATPBCHuEbRf/Mlp+ZJISw==":"channels4_profile-121x121.jpg","VGrAqRURVeW1dkHavL2GtA==":"photo1710178773-883x662.jpg","/nioVVZ1Cwm02V+hPjjw5g==":"photo1710086761-883x708.jpg","byrmmvm7tEAvvvULJGSliw==":"photo1709971504-800x604.jpg","zJtCOCBXO9+p2snrP4IZWQ==":"photo1709959764%20(1)-883x588.jpg","Bfn85u9Jr5J1wWbqzcEqmA==":"photo1709971503-800x533.jpg","fhZ/LSOQQT253r6yrDymCg==":"photo1709296496-1280x853.jpg","8EAozgs58u/XUP+J2O+Cdw==":"photo1710313710-1024x682.jpg","gwrzwGl6uR0mZPWv4QHdDA==":"photo1710313710%20(1)-800x533.jpg","DbOfsWbM1KY79CQBi0VVwA==":"mbr-646x431.jpg","3slYb1rau/N66p6x7dYQ9g==":"mbr-646x462.jpg","ws6Lf3sK5FU99iSwtfK4+Q==":"mbr-1-646x431.jpg","hG5Agxdn2YLQsKHy4BMioQ==":"mbr-2-646x431.jpg","GXxZKI3bBnwl6zgCuYGysQ==":"img-4503-800x533.jpg","DS00zid0zx+3QZwfgtQT8Q==":"img-4501-800x533.jpg","Be8uYGRxOGhrGRus3+08ow==":"img-4501-2000x1333.jpg","c5lo9OpJoCeEQxdj3Pn/Pg==":"img-4501-1980x1320.jpg","3YurCIvB2fmRfQ/aLvOR6Q==":"img-4503-1800x1200.jpg","yTkA+bEW2syWgPtTA+wiiw==":"img-4384-1800x1200.jpg","MsxMHbDnYJcRgEwwtZw0UQ==":"unver-1280x894.jpg","cEPmZ1rxM2TrQWlgQAgUvw==":"logo-124x124.jpg","JKs5X76YUSXi4DjeVB1JOQ==":"logo-removebg-preview-124x124.png","gvF0vzp3lE9NVMK7nVCZ/A==":"academy-removebg-preview-124x124.png","Qv5cSgaAGyrvWDnIi2H+bQ==":"edu1-160x160.png","w1tzjCz6VmX56B7/xj5xOQ==":"2-1280x853.jpg","tv+y/10PhIYrcQTUzyDgdg==":"photo_2024-03-17_20-44-758x593.jpg","chaUVjjPHMgyq7p/atMoSA==":"2-1980x1320.jpg","NigZcg8/KwgroWi6hT2bow==":"img-4510-1800x1200.jpg","l068Ay3jJHSrbtcTHmzkbQ==":"2-1900x1267.jpg","VpFl4xe758b7vVNeJMT/9w==":"img-4501-1900x1267.jpg","9xHfg6wrnvGwmy7CRL3iLQ==":"img-4510-1900x1267.jpg"}